category,country,free/paid/grossing,rank,bundle id,icon,app name,publisher
Beauty,Austria,free,1,/app/google-play/photography.sweet.selfie.camera/statistics/,"https://play-lh.googleusercontent.com/GfZmwbdrQxU4aE37brPECuYrO3LL0k64ppDlb8vJjmBCsrH51kaOXDxdD8ivnAgBass=s180",Beauty Camera Plus: Selfie Cam,Mobile_V5
Beauty,Austria,free,2,/app/google-play/beauty.camera.coocent/statistics/,"https://play-lh.googleusercontent.com/ul2Uf6P0yXYFwPP1_Q1j2fbUjt4HPZiUjUBtSivvlS1ZXNIRYAWgHZCNW2577fzJb9I=s180",Beauty Camera - Selfie Camera,Coocent
Beauty,Austria,free,3,/app/google-play/com.studio.aone.girlshairstyle.hairstylestepbystep/statistics/,"https://play-lh.googleusercontent.com/QXnmvFfb76A7c8dbxL9T_PHjqMese0XrH8BJq8BgYZMot4sgNGbvdDi39w-W06Qf2PQB=s180",Girls Hairstyle Step By Step,Ms. Beautician
Beauty,Austria,free,4,/app/google-play/photo.cam.filter.beauty.effect/statistics/,"https://play-lh.googleusercontent.com/ZW0j19Wm6z_zzt7I0PqZpS0LVqHAuLXZeM48HeugX8kZ4HDP1gepY6wuIVETxqfkRjE=s180",Beauty Camera Plus: Sweet Cam,Mobile_V5
Beauty,Austria,free,5,/app/google-play/com.nabilsoft.daily_hairstyles_for_girls/statistics/,"https://play-lh.googleusercontent.com/Q92qiiNH4XLFca-f2viWohO-dY5Lxv5L63ECCvLdzOscFaJKbny29VA6oH-0zfRDCEA=s180",Easy Hairstyles for Girls,Nabil_Soft
Beauty,Austria,free,6,/app/google-play/com.photo.hd.camera.beauty.filter/statistics/,"https://play-lh.googleusercontent.com/vAY_83HmxPhy4xhiD0_mtCKvUQIHp1P1yDA4JKQUoioBWFagDbgjxaypcysVHlO8BDxY=s180",HD Camera for Android,HD Camera & Message App
Beauty,Austria,free,7,/app/google-play/net.booksy.customer/statistics/,"https://play-lh.googleusercontent.com/EMsrhZzxL1SJDRsCUfY2NTAkQymK9v_rvhS4hEKfviw90LWJITrABOvWw6IgTGkfgbE=s180",Booksy for Customers,Booksy International sp. z o.o.
Beauty,Austria,free,8,/app/google-play/photo.cameraselfie.sweet.camera/statistics/,"https://play-lh.googleusercontent.com/wtLo5RbtIsyUGuZm_M-QOqPctfOJIxk5l5MW_ksKBDJ8eChRHeH5SDhvQC2tdChbQQ=s180",Beauty Plus Camera - Sweet Cam,Leopard V7
Beauty,Austria,free,9,/app/google-play/com.lajeuneandassociatesllc.barberchopdev/statistics/,"https://play-lh.googleusercontent.com/5GZ2_hNieO-bIu4OclsKO6TneFCXKmD15F6iIHllWLMtnsuTKIPg9EQgGm9FDZQUADw=s180",Barber Chop,Lajeune & Associates, LLC
Beauty,Austria,free,10,/app/google-play/beauty.skin.care.app/statistics/,"https://play-lh.googleusercontent.com/K6CiDqH4Ar-YAxiBE7sgzB_pTZxOYEv0hvBnNFA6ISlFaXMPHHYzyWd073_qPIAvVTBP=s180",Skincare and Face Care Routine,Rstream Labs
Beauty,Austria,free,11,/app/google-play/com.makeupcamera.beautyselfiecamera/statistics/,"https://play-lh.googleusercontent.com/3dkpGglBUGKjqpGOewH-nVolqf3bEm7z82kAo4bG0hQxIYq3hAlI_Qb4QSM6rK6RJJg=s180",Selfie Camera - Beauty Studio,apricots apps
Beauty,Austria,free,12,/app/google-play/com.standysoftware.colorstyle/statistics/,"https://play-lh.googleusercontent.com/S315A4YG89F6WP1VLlFKGJKrwJ1xDeNzMJTwfyIC5qzfcR1JF3IXiD6NmiBQKwh3zWQ=s180",Color Analysis - Dressika,Seasonal Color Analysis AI
Beauty,Austria,free,13,/app/google-play/fashion.soni/statistics/,"https://play-lh.googleusercontent.com/ANvecrfpbxT9VjHf4xFL1W2NgTJQJXmYJkmTNYsNGwgA_VUrbDCNZT8Vv3-6vq5KdMQ=s180",Soni Fashion - 1Gram Jewellery,Soni Fashion
Beauty,Austria,free,14,/app/google-play/com.blink.beautycam.facemakeup.photoeditor/statistics/,"https://play-lh.googleusercontent.com/VqYaXTjNJLPI78PIJ0Mmfnvu8lhrXGIyfmG1ZLOL05Xcu67ZO1KqphRC0t9vcvsLmaY=s180",Blink Beauty Cam: Photo Makeup,Spacenite
Beauty,Austria,free,15,/app/google-play/com.lyrebirdstudio.beauty/statistics/,"https://play-lh.googleusercontent.com/PDWTIlthihaSIj9n2DOyV0dkY0_CuDAiGZFMW5PYS1Dhc1_RLO1nnegIY7_qbCrqzlo=s180",Beauty Makeup Editor & Camera,Lyrebird Studio
Beauty,Austria,free,16,/app/google-play/app.foryou/statistics/,"https://play-lh.googleusercontent.com/sLExJMI3Dd65mh1CS_Y80CLQ8im695PG6pLn8Ajg_O-OvZwOpXMDvgk5_kRNwapzzOg=s180",Face Massage, Skincare: forYou,forYou Development
Beauty,Austria,free,17,/app/google-play/mirrorapp.lightmirror.beautymirror.makeupmirror/statistics/,"https://play-lh.googleusercontent.com/gVVFubhrhgPGHrbRC1P_OCt9oQptOz1fO2DP-DM8dzcCSDF37YBf6O8yfR6UOHzmBQ=s180",Beauty Mirror, The Mirror App,Dairy App & Notes & Audio Editor & Voice Recorder
Beauty,Austria,free,18,/app/google-play/br.com.eudora.apprepresentante/statistics/,"https://play-lh.googleusercontent.com/TXAJtHYPbPXpTLV4UMWGCAlQ5lg32N1q3UnCzVhcU3pp7d_cy2NBJS7RQemwN9YKRdc=s180",Representante Eudora,Grupo Boticário
Beauty,Austria,free,19,/app/google-play/com.tj.dslrprofessional.hdcamera/statistics/,"https://play-lh.googleusercontent.com/1YkrW9xb_MttdHCGkbvsdbRpUc7_UI8RzqNS6GNOIn9AuOMs88QP0vTRJUXTEejNIg=s180",DSLR HD Camera : 4K HD Camera,Tech Jack
Beauty,Austria,free,20,/app/google-play/com.arcsoft.perfect365/statistics/,"https://play-lh.googleusercontent.com/gG8W_LKwH7j7zHeYbQMQnStRq406uY7mIZIVCVAhtxKvnpMe5MYRi8xUQlnwl6ABYVs=s180",Perfect365 Makeup Photo Editor,Perfect365, Inc.
Beauty,Austria,free,21,/app/google-play/com.rstream.haircare/statistics/,"https://play-lh.googleusercontent.com/5bCDLplpXLYckn86W3fIz0elwVOYB2u73Ulvs4XNW9_s4M6hfmIlihXjELm01T59yg=s180",Haircare app for women,Rstream Labs
Beauty,Austria,free,22,/app/google-play/com.hair_flutter/statistics/,"https://play-lh.googleusercontent.com/OUP8hdw4Y2iTj9HK-VSSeyWck55s3J77rrbcnyc41WLny4djRTbv8wrpIw4RHKz-9w=s180",Hairstyle Try On: Bangs & Wigs,JYCoder
Beauty,Austria,free,23,/app/google-play/com.planitypublic/statistics/,"https://play-lh.googleusercontent.com/p7ysJnAZPHQ7t43sta9RrEwFM1-EbulBVW7Ey9ofNgTy0w6KjSu7q3POV64XbVNx-ZY=s180",Planity,Planity
Beauty,Austria,free,24,/app/google-play/haircolour.hairstyle.photoeditor.haircolorchanger/statistics/,"https://play-lh.googleusercontent.com/r-_DylDi_vyfBIwkWnGnld27OT-5iSCv2AP3cpSjVCvGHJ0bKIjnVe7QLL-K91LCNKk=s180",Hair Color Changer: Change you,Face & Body Tune Photo Editor SRL
Beauty,Austria,free,25,/app/google-play/com.astor.loyalty.mobile.mcosmetic/statistics/,"https://play-lh.googleusercontent.com/4jr1k9_VmnFnUFTTO8PSMRZsRgSZdBvYrjcqDFg_rYkwcqTz35cycFb0524Ace4XHHU=s180",M Cosmetic,ООО «Полет»
Beauty,Austria,free,26,/app/google-play/com.netigen.bestmirror/statistics/,"https://play-lh.googleusercontent.com/5WvvRaLp7scv4OcQKDt6CxsJArcSLnODpTVwGDxzfkEjkQVXKnzH_yqjSZY82FSeVI8=s180",Perfect Mirror,Netigen Tools
Beauty,Austria,free,27,/app/google-play/com.getskinbliss.skinbliss/statistics/,"https://play-lh.googleusercontent.com/emJ3tjrY_hFiaNKv9OVsmz7Tmq32dvVecITauvVYRXzvIA-zGJxKRvoRUslTsNm0ugP4=s180",Skin Bliss: Skincare Routines,skinbliss
Beauty,Austria,free,28,/app/google-play/com.wahanda.marketplace/statistics/,"https://play-lh.googleusercontent.com/ua52wgxp-UzqgBDQ2subxjAFce8McxzorFK3X4G4inveJIVwYPnfw0JdcVnBSTpEMGk=s180",Treatwell: Hair & Beauty,Treatwell Limited
Beauty,Austria,free,29,/app/google-play/com.glinttec.beautyscan.beautyscore.photoBeautyScan/statistics/,"https://play-lh.googleusercontent.com/xmPfig1ozPjT7_ZaGbMWZHgCf2b9EJqduw0eps7H5k9f7ell_49d2zS_9z7JPONPQBE=s180",Face Shape - Pretty Scale,GlintTec Apps
Beauty,Austria,free,30,/app/google-play/br.com.starapp.appbarbercli/statistics/,"https://play-lh.googleusercontent.com/rRXqYiauS0SbJnigZqsf7sVt7TA7frHkz9HG5_2H2SSkICvbAfqU-NT1Ozf3FJdumQ=s180",AppBarber: Cliente,StarApp Sistemas
Beauty,Austria,free,31,/app/google-play/com.lomographic.vintage.camera.filters/statistics/,"https://play-lh.googleusercontent.com/vKKFQy2NEPWAV0c1x2hir0sfFS1P-Oi89JwBPL_lTBHfrSy-aImxa7Qqa0nSoIWTmcqQ=s180",Camera Filters and Effects,CA Publishing
Beauty,Austria,free,32,/app/google-play/br.art.code.meucronogramacapilar/statistics/,"https://play-lh.googleusercontent.com/LK5j-k9FxXPPG2DDg-TZfya0tnMdUpPTQ76cliGxa2aPvF655BixjPrZv7qnWGCqOnHo=s180",My Capillary Schedule,Code Art BR
Beauty,Austria,free,33,/app/google-play/br.com.espacolaser.Agendamento/statistics/,"https://play-lh.googleusercontent.com/rqejRZ3an8hgrDWxHdP2Rp-p8M6D_REaYazES-biuQlqoh3rlGkL5dcWJrAAIZpldA=s180",Espaçolaser,Espaçolaser
Beauty,Austria,free,34,/app/google-play/air.com.winkypinky.dressuproyalprincessdoll/statistics/,"https://play-lh.googleusercontent.com/oqX3okgAYQWZOqfJi1xY_EOfV2XPsRyx7S8BjIznE_CZ59s0yJ96ZXpCZcL7-wdRugk=s180",Dress Up Royal Princess Doll,winkypinky
Beauty,Austria,free,35,/app/google-play/com.filter.pictures/statistics/,"https://play-lh.googleusercontent.com/3P2hSQixojZrx4gq7d5Y4Up23oEEM0yU379WfGBFQqHggFnBw0SeP_NBlUQO_4sNc7DN=s180",Picture Editor,HMs
Beauty,Austria,free,36,/app/google-play/com.nerovero.beautycalculator/statistics/,"https://play-lh.googleusercontent.com/VHB-ZVkjHOLc8u1sfaRy10QLTxQfZrL4MJtPtY4OrRsZgg5dV58GnHapYTq6LlBhtAA=s180",Beauty Calculator Pretty Scale,Firehawk
Beauty,Austria,free,37,/app/google-play/photoeditor.haircolorideas.haircolorchanger.hairstyles/statistics/,"https://play-lh.googleusercontent.com/4T1uDhreKI_VarCowatrU3x0XDCfgNm8YD3IrwGgEaqYOZ5BSLzZfi1PDSvIi-FI6vc=s180",Photo editor: Hair Color Ideas,LocG3
Beauty,Austria,free,38,/app/google-play/com.zhanlang.changehaircut/statistics/,"https://play-lh.googleusercontent.com/WB1CcN2bnh1DyoufYIm1LiJ1TCbz59JMb3-26ysE2fu07CayuFT4WhE7MqEFKvRT3Rk=s180",Hair try-on - hair styling,SmallUniverse Apps
Beauty,Austria,free,39,/app/google-play/photo.hd.video.beauty.camera/statistics/,"https://play-lh.googleusercontent.com/7sgnWEeqwMidXC6ICAvcflCfqnxQdXxfO4_tgzWfbAVIDl4G3F0VLXfsh0Ak25CawFs=s180",HD Camera for Android: 4K Cam,Easyelife
Beauty,Austria,free,40,/app/google-play/net.booksy.business/statistics/,"https://play-lh.googleusercontent.com/q7GL_Uvh-WaAV8ROGgDp9iXToIc4MhRwn5KqCbWXo5zLQrqic_bao_rncvtpuH4iaPjW=s180",Booksy Biz: For Businesses,Booksy International sp. z o.o.
Beauty,Austria,free,41,/app/google-play/com.chamsDohaLtd.Tools.Zakhrafa/statistics/,"https://play-lh.googleusercontent.com/23Qw7pRYlhM-GMVruGMg_N2hBgcUTKw8k9PehnQi1hef7wbJyfr2qd79Un-si6UamW8W=s180",زخرفة الكتابة بكل انواع الخطوط,Chama innovation
Beauty,Austria,free,42,/app/google-play/sweet.beauty.cam.toanhmsg/statistics/,"https://play-lh.googleusercontent.com/SRtCn9nczpeMH8SeLnSpzvvYUTHConG1Kfh7cQLpw6QbTKRsfTC8avQ0WWKXMcXch_Ae=s180",Sweet Beauty Camera,TOAN HMSG
Beauty,Austria,free,43,/app/google-play/truefunapps.longhair/statistics/,"https://play-lh.googleusercontent.com/gvolu4MRtul5Z7pN4M48bqrMD2SxfUSVJ-BrY2J1Z0mRmlDXJfm4xRBHmz9L9DbttcQ=s180",Easy hairstyles step by step,True Fun Apps
Beauty,Austria,free,44,/app/google-play/jp.hotpepper.android.beauty.hair/statistics/,"https://play-lh.googleusercontent.com/xps3gneCq0NxxzfhiA2oVfwKH5Fu0dZZoj9elKlORcPyKJAyWlIyhbEOScqZWdRyZg=s180",ヘア&ビューティーサロン検索/ホットペッパービューティー,Recruit Co.,Ltd.
Beauty,Austria,free,45,/app/google-play/sweet.camera.selfie/statistics/,"https://play-lh.googleusercontent.com/XisCMc_yQG8DXP-FsBTBjTWuIphEB77iU3_V2uv5qkfsD9sSkqr5Y2pvhVMlFbIYNpc_=s180",Sweet Camera Selfie,Camera Selfie Studio
Beauty,Austria,free,46,/app/google-play/com.learnguru.mehandi_design_offline/statistics/,"https://play-lh.googleusercontent.com/P5ZHd36BOjhgngPk7ksdOkgKwBQGs1VQyABSHovPVf6_440FNdx3JeR8pJY3oZZ2pVA=s180",Mehandi Design Offline,LernGuru
Beauty,Austria,free,47,/app/google-play/com.gangnam.sister/statistics/,"https://play-lh.googleusercontent.com/ZQUodHtGHoPbadeChBVYuwc4KWiAyjYonDoCR-3jE4xqd_HJHNfsyHVPmNboBfF7eRg=s180",UNNI - Korean Beauty, Now,강남언니
Beauty,Austria,free,48,/app/google-play/kr.co.company.hwahae/statistics/,"https://play-lh.googleusercontent.com/YQCgCqxZTR6ZA3wGLQvyxBkd5e1TYm-O_HGM0m-QMR6_FYQeCQQNGvZYMqrrU9TQbErF=s180",Hwahae - analyzing cosmetics,BirdView
Beauty,Austria,free,49,/app/google-play/creative.henna.art.unique.mehndi.art.stylish.traditional/statistics/,"https://play-lh.googleusercontent.com/4HR6wB2uurhzArdx5fe9DgLDx0nn7WoIIJPeYFCIwWfBALSDlROiQ8Aw6lzXkph9vg=s180",Bridal Mehndi Design 2024,Unique Tools Studio
Beauty,Austria,free,50,/app/google-play/com.studio360apps.mirror/statistics/,"https://play-lh.googleusercontent.com/lFpEvp1efcv6CfN2L6H18iX_E82fNc35WLCc9Om8z0j17z0pFeEyf4_etN0iH-K-8Asy=s180",Mirror,Studio 360 Apps
